[
  {
    "word": "颠三倒四",
    "definition": "顺序 打乱 ， 不 按 顺序 。"
  },
  {
    "word": "参拍",
    "definition": "参加 拍卖 。"
  },
  {
    "word": "嘎",
    "definition": "形容 清脆 的 声音 ， 比如 鸭子 叫声 。"
  },
  {
    "word": "一气",
    "definition": "一 口 气 ， 一下子 。 生气 。"
  },
  {
    "word": "翻印",
    "definition": "再次 打印 ， 复制 一 份 打印 。"
  },
  {
    "word": "镚子",
    "definition": "钢镚 ， 钱币 。"
  },
  {
    "word": "虚礼",
    "definition": "假 的 ， 装 出 来 的 礼节 。"
  },
  {
    "word": "勾搭",
    "definition": "不 正当 的 吸引 ， 勾引 。"
  },
  {
    "word": "迅即",
    "definition": "非常 快 的 ， 立即 ， 马上 。"
  },
  {
    "word": "伸懒腰",
    "definition": "伸展 腰身 和 双臂 。"
  },
  {
    "word": "与时俱进",
    "definition": "紧跟 时代 潮流 。"
  },
  {
    "word": "孔庙",
    "definition": "纪念 孔子 的 地方 。"
  },
  {
    "word": "友好",
    "definition": "关系 好 ， 友善 。"
  },
  {
    "word": "化纤",
    "definition": "化学 合成 的 纤维 。"
  },
  {
    "word": "暗",
    "definition": "不 明亮 的 。"
  },
  {
    "word": "五短身材",
    "definition": "脖子 、 胳膊 、 腿 等 都 很 短小 的 身材 。"
  },
  {
    "word": "削壁",
    "definition": "很 平 的 很 陡峭 的 峭壁 。"
  },
  {
    "word": "残喘",
    "definition": "剩下 最后 的 一 口 气 。"
  },
  {
    "word": "原纸",
    "definition": "造纸 时 最 开始 的 一 种 纸 ， 还 未 成为 最终 的 产品 纸 。"
  },
  {
    "word": "喊叫",
    "definition": "大声 说 出 ， 发出 大 的 声音 。"
  },
  {
    "word": "歌词",
    "definition": "唱歌 的 内容 。"
  },
  {
    "word": "背筐",
    "definition": "背在背 上 的 筐 。"
  },
  {
    "word": "交叉",
    "definition": "有 重叠 的 ， 穿插 在 一起 。"
  },
  {
    "word": "下半夜",
    "definition": "夜里 后 半 段 。"
  },
  {
    "word": "马尾辫",
    "definition": "像 马尾巴 那样 的 辫子 。"
  },
  {
    "word": "买卖人",
    "definition": "做 生意 的 人 。"
  },
  {
    "word": "气体",
    "definition": "能够 飘散 的 物质 形态 ， 与 固体 和 液体 相对 。"
  },
  {
    "word": "四维空间",
    "definition": "在 三维 空间 上 加上 时间 的 维度 后 的 空间 。"
  },
  {
    "word": "窒息",
    "definition": "憋气 憋 到 昏 过去 。"
  },
  {
    "word": "叽里咕噜",
    "definition": "形容 说话 或 声音 像 水中 冒泡 一样 。"
  },
  {
    "word": "骡",
    "definition": "驴 和 马 交配 生 下 的 无 繁殖 能力 的 后代 ， 一 种 家 畜 。"
  },
  {
    "word": "分清",
    "definition": "清楚 地 分开 。"
  },
  {
    "word": "晌午",
    "definition": "中午 。"
  },
  {
    "word": "持家",
    "definition": "维持 家 庭 生活 。"
  },
  {
    "word": "衔接",
    "definition": "接起 来 。"
  },
  {
    "word": "军徽",
    "definition": "代表 部队 的 标志 图样 。"
  },
  {
    "word": "恶报",
    "definition": "坏 的 结果 ， 报应 。"
  },
  {
    "word": "落",
    "definition": "下降 ， 掉 下 。 丢 下 。"
  },
  {
    "word": "书生气",
    "definition": "读书人 的 气质 或 特征 。"
  },
  {
    "word": "不许",
    "definition": "不 准 ， 不 让 ， 不 允许 。"
  },
  {
    "word": "毫无二致",
    "definition": "没有 两 样 ， 形容 完全 一样 。"
  },
  {
    "word": "查找",
    "definition": "查看 找 寻 。"
  },
  {
    "word": "整枝",
    "definition": "修剪 植物 的 树枝 。"
  },
  {
    "word": "推理",
    "definition": "按 道理 推导 。"
  },
  {
    "word": "横生",
    "definition": "不 断 产生 。"
  },
  {
    "word": "偏见",
    "definition": "有 偏向 的 ， 不 恰当 的 见解 。"
  },
  {
    "word": "票额",
    "definition": "票面 上 的 数值 。"
  },
  {
    "word": "立场",
    "definition": "所 持 的 观点 、 态度 。"
  },
  {
    "word": "特刊",
    "definition": "期刊 杂志 等 的 特别版 。"
  },
  {
    "word": "述而不作",
    "definition": "只 口头 讲 而 不 写 。"
  },
  {
    "word": "数量",
    "definition": "多少 ， 个数 。"
  },
  {
    "word": "桎梏",
    "definition": "限制 ， 枷锁 。"
  },
  {
    "word": "差事",
    "definition": "工作 上 安排 的 事 。"
  },
  {
    "word": "死脑筋",
    "definition": "脑子 僵化 ， 思维 不 灵活 。"
  },
  {
    "word": "荡平",
    "definition": "扫平 ， 踏 平 。"
  },
  {
    "word": "球衣",
    "definition": "球赛 中 的 球员 所 穿 的 服装 。"
  },
  {
    "word": "放疗",
    "definition": "对 肿瘤 和 癌症 的 放射性 治疗 方法 。"
  },
  {
    "word": "背包袱",
    "definition": "有 心理 压力 。 把 包 背 在 背 上 。"
  },
  {
    "word": "公敌",
    "definition": "所有 人 的 敌人 。"
  },
  {
    "word": "满分",
    "definition": "没 扣 分 ， 最高分 。"
  },
  {
    "word": "衣架",
    "definition": "晾 衣服 的 架子 。"
  },
  {
    "word": "成人教育",
    "definition": "针对 成年人 的 继续 教育 。"
  },
  {
    "word": "荫凉",
    "definition": "遮蔽 了 太阳光 的 地方 。"
  },
  {
    "word": "狡辩",
    "definition": "不 讲理 的 辩解 。"
  },
  {
    "word": "狗吃屎",
    "definition": "向前 趴 着 摔倒 。"
  },
  {
    "word": "无所不在",
    "definition": "哪 里 都 有 。"
  },
  {
    "word": "莫须有",
    "definition": "没有 的 。"
  },
  {
    "word": "人渣",
    "definition": "最 坏 的 那 一 类 人 ， 像 渣滓 一样 的 人 。"
  },
  {
    "word": "梗塞",
    "definition": "堵 了 ， 不 通 。"
  },
  {
    "word": "常言",
    "definition": "平时 说 的 话 。"
  },
  {
    "word": "视角",
    "definition": "看 事情 的 角度 。"
  },
  {
    "word": "井喷",
    "definition": "从 井 里 突然 喷射 出 来 的 情况 。"
  },
  {
    "word": "跌份",
    "definition": "丢面子 ， 身份 掉 价 。"
  },
  {
    "word": "上梁不正下梁歪",
    "definition": "形容 上层 的 人 不 做 好事 ， 手底 下 的 人 也 跟着 做 不 好 。"
  },
  {
    "word": "啪嚓",
    "definition": "形容 断裂 的 声音 。"
  },
  {
    "word": "咏叹",
    "definition": "用 抒情 的 话语 表达 。"
  },
  {
    "word": "直待",
    "definition": "一直 等 到 。"
  },
  {
    "word": "历数",
    "definition": "一件件 事情 数 出 来 或 列出 来 。"
  },
  {
    "word": "挂怀",
    "definition": "心中 牵挂 。"
  },
  {
    "word": "硕大无朋",
    "definition": "形容 非常 大 。"
  },
  {
    "word": "魂牵梦萦",
    "definition": "形容 日思夜想 ， 一直 在 脑海 里 挥之不去 。"
  },
  {
    "word": "顺水",
    "definition": "沿着 水流 的 方向 。"
  },
  {
    "word": "严明",
    "definition": "形容 纪律 严格 ， 严整 。"
  },
  {
    "word": "荡涤",
    "definition": "净化 ， 洗 干净 。"
  },
  {
    "word": "隔绝",
    "definition": "完全 隔 开 ， 一点 都 不 接触 。"
  },
  {
    "word": "豪赌",
    "definition": "下 大 赌注 进行 赌博 。"
  },
  {
    "word": "核算",
    "definition": "核对 检查 清算 。"
  },
  {
    "word": "浪涛",
    "definition": "水面 的 大 波浪 。"
  },
  {
    "word": "继母",
    "definition": "后妈 ， 不 是 生母 的 母亲 。"
  },
  {
    "word": "图表",
    "definition": "用于 形象化 地 描述 数据 的 图形 或 表格 。"
  },
  {
    "word": "担",
    "definition": "扛 ， 用 肩膀 顶 。"
  },
  {
    "word": "籽",
    "definition": "植物 的 种子 等 小 颗粒 。"
  },
  {
    "word": "檐",
    "definition": "屋顶 突出 的 边 。"
  },
  {
    "word": "刚愎自用",
    "definition": "形容 一个 人 特别 自负 ， 自以为是 ， 按 自己 的 想法 做事 ， 不 听 建议 。"
  },
  {
    "word": "停当",
    "definition": "稳妥 了 ， 好 了 ， 完 了 。"
  },
  {
    "word": "免不得",
    "definition": "不 可 避免 。"
  },
  {
    "word": "污痕",
    "definition": "脏 的 印记 。"
  },
  {
    "word": "刑房",
    "definition": "牢 里面 用 刑 的 屋子 。"
  },
  {
    "word": "罪",
    "definition": "做 了 违法 的 事 。"
  },
  {
    "word": "谊",
    "definition": "友情 。"
  },
  {
    "word": "贤明",
    "definition": "正派 的 聪明 的 好人 。"
  },
  {
    "word": "信誓旦旦",
    "definition": "很 有 信心 的 样子 。"
  },
  {
    "word": "维权",
    "definition": "维护 权益 。"
  },
  {
    "word": "尽头",
    "definition": "最 头 上 ， 最 端 上 。"
  },
  {
    "word": "酬谢",
    "definition": "用 酬劳 感谢 。"
  },
  {
    "word": "镶牙",
    "definition": "嵌 入 假 牙 。"
  },
  {
    "word": "附和",
    "definition": "顺着 说话 ， 表达 相同 的 意思 。"
  },
  {
    "word": "酌情",
    "definition": "根据 情况 。"
  },
  {
    "word": "重见天日",
    "definition": "从 黑暗 中 出 来 ， 再次 看到 明亮 的 外界 。"
  },
  {
    "word": "造血",
    "definition": "人体 内 产生 血液 的 过程 。"
  },
  {
    "word": "松花",
    "definition": "松花蛋 上 的 像 松树 枝 一样 的 花纹 。"
  },
  {
    "word": "痤",
    "definition": "青春 痘 ， 皮肤病 ， 。"
  },
  {
    "word": "靴",
    "definition": "指 鞋 帮 比较 高 的 鞋子 。"
  },
  {
    "word": "摒绝",
    "definition": "摒弃 ， 断绝 。"
  },
  {
    "word": "书眉",
    "definition": "书页 顶端 。"
  },
  {
    "word": "海事",
    "definition": "在 海上 的 事情 和 工作 ， 如 捕鱼 等 。"
  },
  {
    "word": "一丝不苟",
    "definition": "形容 非常 细心 。"
  },
  {
    "word": "爆胎",
    "definition": "轮胎 爆 了 。"
  },
  {
    "word": "极顶",
    "definition": "最高 处 。"
  },
  {
    "word": "无以复加",
    "definition": "不 能 再 加 了 。"
  },
  {
    "word": "红外线",
    "definition": "温热 的 物体 发出 的 频率 很 低 的 一 种 射线 。"
  },
  {
    "word": "大脑皮层",
    "definition": "脑子 最 外 层 的 组织 。"
  },
  {
    "word": "潺",
    "definition": "形容 流水 的 声音 。"
  },
  {
    "word": "吸铁石",
    "definition": "磁铁 ， 可以 吸铁 的 像 石头 一样 的 物体 。"
  },
  {
    "word": "一帆风顺",
    "definition": "一路顺风 ， 形容 一路 都 很 顺利 。"
  },
  {
    "word": "任性",
    "definition": "随心所欲 ， 想 干 啥 就 干 啥 。"
  },
  {
    "word": "利",
    "definition": "有 好处 ， 对 … … 好 。 锋 利 。"
  },
  {
    "word": "快餐",
    "definition": "简单 的 可以 吃 得 很 快 的 饭 。"
  },
  {
    "word": "施行",
    "definition": "开始 使用 。"
  },
  {
    "word": "购置",
    "definition": "买 下 ， 置办 。"
  },
  {
    "word": "全价",
    "definition": "不 打折 ， 不 便宜 ， 按 原先 的 定 价 。"
  },
  {
    "word": "淘汰赛",
    "definition": "一 种 输 了 就 不 能 参与 的 比赛 。"
  },
  {
    "word": "火并",
    "definition": "内斗 ， 内部 之间 互相 消灭 。"
  },
  {
    "word": "饿",
    "definition": "想 吃 东西 。"
  },
  {
    "word": "到手",
    "definition": "拿 到 ， 得到 。"
  },
  {
    "word": "乡村",
    "definition": "城市 以外 的 ， 农村 。"
  },
  {
    "word": "整齐",
    "definition": "排列 非常 有 规律 。"
  },
  {
    "word": "顾盼自雄",
    "definition": "自己 看 着 自己 感觉 很 强大 ， 形容 自大 。"
  },
  {
    "word": "人类",
    "definition": "地球 上 的 智慧 生命 ， 人 的 统称 。"
  },
  {
    "word": "无所事事",
    "definition": "没有 事情 可 做 。"
  },
  {
    "word": "鱼鳔",
    "definition": "鱼体 内 用于 调节 浮力 的 气囊 。"
  },
  {
    "word": "倒伏",
    "definition": "倒下 ， 趴下 ， 指植物 等 不 挺立 。"
  },
  {
    "word": "盲棋",
    "definition": "不 看 棋 的 下棋 。"
  },
  {
    "word": "枉自",
    "definition": "白白 ， 白费 ， 可惜 。"
  },
  {
    "word": "引用",
    "definition": "拿 别人 的 话语 或 观点 来 用 。"
  },
  {
    "word": "清高",
    "definition": "高尚 的 ， 与众不同 的 。"
  },
  {
    "word": "猜嫌",
    "definition": "被 人 猜忌 ， 觉得 疑似 。"
  },
  {
    "word": "附着",
    "definition": "粘附 ， 依附 ， 靠 着 。"
  },
  {
    "word": "扰民",
    "definition": "对 人们 的 生活 造成 影响 。"
  },
  {
    "word": "朗读",
    "definition": "大声 地 念 ， 高声 读 。"
  },
  {
    "word": "液晶",
    "definition": "液态 晶体 ， 用于 制作 屏幕 。"
  },
  {
    "word": "声称",
    "definition": "表达 ， 说 出 。"
  },
  {
    "word": "开锅",
    "definition": "锅 里 的 水 等 沸腾 了 。"
  },
  {
    "word": "支书",
    "definition": "支部 书记 。"
  },
  {
    "word": "一头",
    "definition": "一下子 。 一 端 。"
  },
  {
    "word": "炎凉",
    "definition": "冷漠 ， 形容 世态 ， 没有 温情 。"
  },
  {
    "word": "有声有色",
    "definition": "形容 看 起 来 和 听 起 来 都 很 棒 。"
  },
  {
    "word": "偎依",
    "definition": "靠 在 一起 。"
  },
  {
    "word": "旗帜鲜明",
    "definition": "立场 很 明确 坚定 。"
  },
  {
    "word": "审校",
    "definition": "查看 校对 。"
  },
  {
    "word": "包场",
    "definition": "订 下 来 整个 场地 。"
  },
  {
    "word": "催讨",
    "definition": "催 着 要 别人 归还 东西 。"
  },
  {
    "word": "讯问",
    "definition": "审问 。"
  },
  {
    "word": "京畿",
    "definition": "首都 及 周围 。"
  },
  {
    "word": "难解难分",
    "definition": "纠缠 在 一起 ， 分 不 开 。"
  },
  {
    "word": "甩手",
    "definition": "放手 ， 不 管 。 手臂 摆动 的 动作 。"
  },
  {
    "word": "饱经风霜",
    "definition": "经历 了 很多 艰难困苦 。"
  },
  {
    "word": "全球",
    "definition": "地球 上 的 整个 世界 。"
  },
  {
    "word": "赶",
    "definition": "追 。"
  },
  {
    "word": "发抒",
    "definition": "抒发 ， 表达 。"
  },
  {
    "word": "机构",
    "definition": "指 组织 。"
  },
  {
    "word": "力争",
    "definition": "努力 争取 。"
  },
  {
    "word": "动容",
    "definition": "内心 触动 或 感动 。"
  },
  {
    "word": "体面",
    "definition": "形容 外表 干净 整齐 。"
  },
  {
    "word": "洞",
    "definition": "凹 进去 的 坑洼 的 部分 。"
  },
  {
    "word": "心底",
    "definition": "在 内心 深处 的 。"
  },
  {
    "word": "仆役",
    "definition": "仆人 。"
  },
  {
    "word": "含辛茹苦",
    "definition": "形容 非常 辛苦 。"
  },
  {
    "word": "合不来",
    "definition": "不 合适 ， 不 能 正常 相处 。"
  },
  {
    "word": "工薪阶层",
    "definition": "打工 赚钱 的 一 群 人 。"
  },
  {
    "word": "完事",
    "definition": "事情 结束 了 。"
  },
  {
    "word": "翻新",
    "definition": "把 旧 的 换 成 新 的 。"
  },
  {
    "word": "铁索桥",
    "definition": "用 铁链 子造 的 桥 。"
  },
  {
    "word": "洋化",
    "definition": "受 国外 影响 ， 被 西化 。"
  },
  {
    "word": "毕",
    "definition": "完 ， 结束 。"
  },
  {
    "word": "美言",
    "definition": "说 好听 的 话 。"
  },
  {
    "word": "念旧",
    "definition": "想 着 以前 的 。"
  },
  {
    "word": "腾越",
    "definition": "飞 起 来 跨越 。"
  },
  {
    "word": "吹风",
    "definition": "有 风拂 过 。 透露 ， 告诉 。"
  },
  {
    "word": "赤胆忠心",
    "definition": "形容 忠心耿耿 ， 赤诚 的 心 。"
  },
  {
    "word": "好比",
    "definition": "打比方 ， 如 ， 就 像 。"
  },
  {
    "word": "夹剪",
    "definition": "像 剪刀 一样 的 大 夹子 。"
  },
  {
    "word": "眼目",
    "definition": "眼睛 。"
  },
  {
    "word": "疏远",
    "definition": "疏离 ， 离开 ， 关系 不 再 亲近 。"
  },
  {
    "word": "出生",
    "definition": "生 出 来 ， 降生 。"
  },
  {
    "word": "赛点",
    "definition": "比赛 打 到 最后 决定 胜负 的 时刻 。"
  },
  {
    "word": "厢房",
    "definition": "四合院 里 东面 或 西面 的 房间 。"
  },
  {
    "word": "稳重",
    "definition": "沉稳 ， 不 轻 浮 。"
  },
  {
    "word": "上帝",
    "definition": "基督教 所 信仰 的 最高 的 神 。"
  },
  {
    "word": "出息",
    "definition": "有 志向 ， 成功 。"
  }
]