[{"word": "\u591c\u4ee5\u7ee7\u65e5", "definition": "\u767d\u5929 \u5e72 \u4e86 \uff0c \u591c\u91cc \u8fd8 \u8981 \u63a5\u7740 \u5e72 \u3002"}, {"word": "\u5927\u8179\u4fbf\u4fbf", "definition": "\u809a\u5b50 \u5f88 \u5927 \uff0c \u5f88 \u80a5\u80d6 \u3002"}, {"word": "\u78b0\u9489\u5b50", "definition": "\u6bd4\u55bb \u906d\u5230 \u963b\u529b \u6216 \u906d\u5230 \u62d2\u7edd , \u76ee \u7684 \u6ca1\u6709 \u8fbe\u5230 , \u8fd8 \u53d7\u5230 \u96be\u582a \u3002"}, {"word": "\u6572\u7af9\u6760", "definition": "\u5229\u7528 \u522b\u4eba \u7684 \u5f31\u70b9 \u6216 \u501f \u67d0\u79cd \u53e3\u5b9e \u62ac\u9ad8 \u4ef7 \u683c \u6216 \u7d22\u53d6 \u8d22\u7269 \u3002"}, {"word": "\u6ce2\u6f9c\u58ee\u9614", "definition": "\u6bd4\u55bb \u58f0\u52bf \u96c4\u58ee \u6d69\u5927 \u3002"}, {"word": "\u516b\u7aff\u5b50\u6253\u4e0d\u7740", "definition": "\u6bd4\u55bb \u5173\u7cfb \u758f\u8fdc \u6216 \u6ca1\u6709 \u5173\u7cfb \u3002"}, {"word": "\u7709\u5f00\u773c\u7b11", "definition": "\u5f62\u5bb9 \u9ad8\u5174 \u7684 \u6837\u5b50 \u3002"}, {"word": "\u76ee\u4e0d\u8f6c\u775b", "definition": "\u5f62\u5bb9 \u6ce8\u610f\u529b \u96c6\u4e2d \u5728 \u67d0 \u4e00 \u70b9 \u4e0a \uff0c \u773c\u775b \u4e00 \u52a8 \u4e5f \u4e0d \u52a8 \u3002"}, {"word": "\u8d70\u540e\u95e8", "definition": "\u6bd4\u55bb \u7528 \u6258\u60c5 \u3001 \u884c\u8d3f \u7b49 \u4e0d \u6b63\u5f53 \u624b\u6bb5 \uff0c \u901a\u8fc7 \u5185\u90e8 \u5173\u7cfb \u8fbe\u5230 \u67d0\u79cd \u76ee \u7684 \u3002"}, {"word": "\u72ec\u4e00\u65e0\u4e8c", "definition": "\u6ca1\u6709 \u76f8\u540c \u7684 \uff0c \u6ca1\u6709 \u53ef \u4ee5 \u76f8\u6bd4 \u7684 \u3002"}, {"word": "\u6709\u53e3\u65e0\u5fc3", "definition": "\u6307 \u4eba \u505a \u8868\u9762 \u6577\u884d \uff0c \u5e76 \u65e0 \u771f\u5fc3 \u3002"}, {"word": "\u4e0d\u6cbb\u4e4b\u75c7", "definition": "\u533b\u6cbb \u4e0d \u597d \u7684 \u75c5 \u3002"}, {"word": "\u94c1\u996d\u7897", "definition": "\u6bd4\u55bb \u975e\u5e38 \u7a33\u56fa \u7684 \u804c\u4e1a \u3001 \u804c\u4f4d \u3002"}, {"word": "\u9a6c\u5927\u54c8", "definition": "\u201c \u9a6c\u9a6c\u864e\u864e \u3001 \u5927\u5927\u54a7\u54a7 \u3001 \u563b\u563b\u54c8\u54c8 \u201d \u7684 \u7f29\u7565\u8bed \uff0c \u6307\u7c97\u5fc3\u5927\u610f \u7684 \u4eba \u3002"}, {"word": "\u5e9f\u5bdd\u5fd8\u98df", "definition": "\u987e \u4e0d \u4e0a \u7761\u89c9 \uff0c \u5fd8\u8bb0 \u4e86 \u5403\u996d \u3002"}, {"word": "\u5fc3\u82b1\u6012\u653e", "definition": "\u5f62\u5bb9 \u5185\u5fc3 \u9ad8\u5174 \u6781 \u4e86 \u3002"}, {"word": "\u751c\u8a00\u871c\u8bed", "definition": "\u8c61\u871c\u7cd6 \u4e00\u6837 \u751c \u7684 \u8bdd \u3002 \u6bd4\u55bb \u4e3a \u4e86 \u9a97\u4eba \u800c \u8bf4 \u5f97 \u52a8\u542c \u7684 \u8bdd \u3002"}, {"word": "\u5c45\u9ad8\u4e34\u4e0b", "definition": "\u5904\u5728 \u9ad8\u5904 \uff0c \u5bf9 \u7740 \u4f4e\u5904 \uff0c \u5f62\u5bb9 \u6240 \u5904 \u7684 \u5730\u52bf \u6709\u5229 \u3002"}, {"word": "\u9ad8\u59ff\u6001", "definition": "\u6307 \u5bf9 \u522b\u4eba \u5bbd\u5bb9 \u3001 \u8c05\u89e3 \u3002"}, {"word": "\u9a6c\u8702\u7a9d", "definition": "\u6bd4\u55bb \u96be\u4e8e \u5bf9\u4ed8 \u7684 \u4eba \u6216 \u80fd \u5f15\u8d77 \u9ebb\u70e6 \u548c \u7ea0\u7eb7 \u7684 \u4e8b \u3002"}, {"word": "\u87b3\u81c2\u6321\u8f66", "definition": "\u6bd4\u55bb \u4e0d\u81ea\u91cf\u529b \u3002"}, {"word": "\u80c6\u6218\u5fc3\u60ca", "definition": "\u5f62\u5bb9 \u975e\u5e38 \u5bb3\u6015 \u3002"}, {"word": "\u5899\u5934\u8349", "definition": "\u6bd4\u55bb \u65e0 \u4e3b\u89c1 \u7684 \u4eba \u3001 \u987a\u98ce\u5012 \u7684 \u4eba \u3002"}, {"word": "\u4e00\u7a9d\u8702", "definition": "\u5f62\u5bb9 \u8bb8\u591a \u4eba \u4e71\u54c4\u54c4 \u5730 \u540c\u65f6 \u8bf4\u8bdd \u6216 \u884c\u52a8 \u3002"}, {"word": "\u95ef\u7ea2\u706f", "definition": "\u6bd4\u55bb \u65e0\u89c6 \u7eaa\u5f8b \u3001 \u5236\u5ea6 \u3001 \u539f \u5219 \u7684 \u9650\u5236 \uff0c \u505a \u4e0d \u8be5 \u505a \u7684 \u4e8b\u60c5 \u3002"}, {"word": "\u6349\u895f\u89c1\u8098", "definition": "\u5f62\u5bb9 \u4e00\u4e2a \u4eba \u7a7f \u5f97 \u5f88 \u7834\u65e7 \uff0c \u8863\u670d \u6ca1\u6cd5 \u906e\u4f4f \u8eab\u4f53 \u3002 \u6216 \u6bd4\u55bb \u4e00\u4e2a \u4eba \u7ecf\u6d4e \u60c5\u51b5 \u4e0d \u597d \uff0c \u6ca1\u6709 \u529e\u6cd5 \u5e94\u4ed8 \u4e8b\u60c5 \u3002"}, {"word": "\u63a9\u4eba\u8033\u76ee", "definition": "\u55bb\u5b58\u5fc3\u6b3a\u4eba \u3002"}, {"word": "\u5b7a\u5b50\u725b", "definition": "\u513f\u7ae5 \u6e38\u620f \u65f6 \u7275 \u7740 \u8d70 \u7684 \u7531 \u5927\u4eba \u626e\u6210 \u7684 \u725b \uff0c \u6bd4\u55bb \u7518\u613f \u4e3a \u4eba\u6c11 \u5927\u4f17 \u670d\u52a1 \u7684 \u4eba \u3002"}, {"word": "\u62a4\u8eab\u7b26", "definition": "\u6bd4\u55bb \u4fdd\u62a4 \u81ea\u5df1 \u3001 \u501f\u4ee5 \u907f\u514d \u56f0\u96be \u6216 \u60e9\u7f5a \u7684 \u4eba \u6216 \u4e8b\u7269 \u3002"}, {"word": "\u4e4c\u7eb1\u5e3d", "definition": "\u53e4\u4ee3 \u5b98\u540f \u6234 \u7684 \u4e00 \u79cd \u5e3d\u5b50 \uff0c \u6bd4\u55bb \u5b98\u4f4d \u3002"}, {"word": "\u4e60\u4ee5\u4e3a\u5e38", "definition": "\u5e38\u5e38 \u505a \u67d0 \u4e8b \uff0c \u6210 \u4e86 \u4e60\u60ef \u3002"}, {"word": "\u753b\u9f99\u70b9\u775b", "definition": "\u8bf4\u8bdd \u6216 \u5199 \u6587\u7ae0 \uff0c \u5728 \u7684 \u5730\u65b9 \u7528 \u4e00\u4e24 \u4e2a \u8b66\u53e5 \u70b9\u660e \u8981 \u65e8 \uff0c \u4f7f \u5185\u5bb9 \u66f4 \u7cbe\u8f9f \u3002"}, {"word": "\u6b7b\u5f97\u5176\u6240", "definition": "\u5f62\u5bb9 \u6b7b \u7684 \u6709 \u4ef7 \u503c\u6709 \u610f\u4e49 \u3002"}, {"word": "\u95e8\u5916\u6c49", "definition": "\u5916\u884c \u4eba \u3002"}, {"word": "\u6572\u8fb9\u9f13", "definition": "\u6bd4\u55bb \u4ece \u65c1 \u5e2e\u8154 \uff0c \u4ece \u65c1 \u52a9\u52bf \u3002"}, {"word": "\u5403\u767d\u98df", "definition": "\u6307 \u4e0d \u4ed8\u51fa \u4efb\u4f55 \u4ee3 \u4ef7 \u800c \u5360\u6709 \u4e8b\u7269 \u6216 \u94b1\u8d22 \u3002"}, {"word": "\u53ea\u8a00\u7247\u8bed", "definition": "\u4e2a\u522b \u8bcd\u53e5 \u6216 \u7247\u65ad \u7684 \u8bdd \u3002"}, {"word": "\u9010\u5ba2\u4ee4", "definition": "\u79e6\u59cb\u7687 \u66fe\u7ecf \u4e0b\u4ee4 \u9a71\u9010 \u4ece \u5404\u56fd \u6765 \u7684 \u5ba2\u537f \uff0c \u540e \u6765 \u79f0 \u8d76\u8d70 \u5ba2\u4eba \u4e3a \u4e0b\u9010\u5ba2\u4ee4 \u3002"}, {"word": "\u594b\u4e0d\u987e\u8eab", "definition": "\u594b\u52c7\u5411\u524d \uff0c \u4e0d \u8003\u8651 \u4e2a\u4eba \u5b89\u5371 \u3002"}, {"word": "\u7eca\u811a\u77f3", "definition": "\u7eca\u811a \u7684 \u77f3\u5934 , \u6bd4\u55bb \u963b\u788d \u524d\u8fdb \u7684 \u4e1c\u897f \u3002"}, {"word": "\u5507\u67aa\u820c\u5251", "definition": "\u5f62\u5bb9 \u4e24 \u65b9\u9762 \u7684 \u8a00\u8bcd \u9510\u5229 \uff0c \u8fa9\u8bba \u6fc0\u70c8 \uff0c \u4e92 \u4e0d \u76f8\u8ba9 \u3002"}, {"word": "\u9e3f\u95e8\u5bb4", "definition": "\u55bb\u6307 \u52a0\u5bb3 \u5ba2\u4eba \u7684 \u5bb4\u4f1a \u3002"}, {"word": "\u9488\u950b\u76f8\u5bf9", "definition": "\u9488\u5c16 \u5bf9 \u9488\u5c16 \uff0c \u6bd4\u55bb \u53cc\u65b9 \u7b56\u7565 \u3001 \u8bba\u70b9 \u7b49 \u5c16\u9510 \u5730 \u5bf9\u7acb \u3002"}, {"word": "\u8f66\u6c34\u9a6c\u9f99", "definition": "\u884c\u4eba \u3001 \u8f66\u9a6c \u50cf \u6c34\u6d41 \u4e00\u6837 \u8fde \u7eed \u4e0d \u65ad \u3002"}, {"word": "\u5f04\u6f6e\u513f", "definition": "\u6bd4\u55bb \u6562\u4e8e \u5728 \u98ce\u9669 \u4e2d \u62fc\u640f \u7684 \u4eba \u3002"}, {"word": "\u98ce\u8a00\u98ce\u8bed", "definition": "\u6ca1\u6709 \u6839\u636e \u7684 \u3001 \u4e0d\u6000\u597d\u610f \u7684 \u3001 \u5e26\u6709 \u8ba5\u8bbd \u7684 \u8bdd \u3002 \u53e6 \u6307 \u79c1\u4e0b \u8bae\u8bba \u6697 \u4e2d \u4f20\u8bf4 \u3002"}, {"word": "\u6263\u5e3d\u5b50", "definition": "\u5bf9 \u4eba \u6216 \u4e8b \u4e0d \u7ecf\u8fc7 \u8c03\u67e5 \u7814\u7a76 \uff0c \u5c31 \u52a0\u4e0a \u73b0\u6210 \u7684\u7684\u4e0d\u597d \u7684 \u540d\u76ee \u3002"}, {"word": "\u725b\u9f3b\u5b50", "definition": "\u6bd4\u55bb \u4e8b\u7269 \u7684 \u4e3b\u8981\u77db\u76fe \u6216 \u5f71\u54cd \u5168\u5c40 \u7684 \u5173\u952e \u3002"}, {"word": "\u5bf9\u53f0\u620f", "definition": "\u4e24 \u4e2a \u620f\u73ed \u4e3a \u4e86 \u4e92\u76f8 \u7ade\u4e89 \uff0c \u540c\u65f6 \u6f14\u51fa \u7684 \u540c\u6837 \u7684 \u620f \u3002 \u6bd4\u55bb \u53cc\u65b9 \u7ade\u4e89 \u7684 \u540c\u7c7b \u5de5\u4f5c \u6216 \u4e8b\u60c5 \u3002"}, {"word": "\u4fdd\u62a4\u4f1e", "definition": "\u6bd4\u55bb \u53ef\u4ee5 \u8d77 \u4fdd\u62a4 \u4f5c\u7528 \u7684 \u6709 \u5a01\u6151\u6027 \u7684 \u529b\u91cf \u6216 \u6709 \u6743\u52bf \u7684 \u4eba \u3002"}, {"word": "\u65e0\u4ef7\u4e4b\u5b9d", "definition": "\u5f62\u5bb9 \u7269\u54c1 \u7279\u522b \u73cd\u8d35 \uff0c \u7528 \u591a\u5c11 \u94b1 \u4e5f \u4e70 \u4e0d \u5230 \u3002"}, {"word": "\u5531\u7a7a\u57ce\u8ba1", "definition": "\u6bd4\u55bb \u63a9\u9970 \u81ea\u5df1 \u7684 \u529b\u91cf \u7a7a\u865a \u3001 \u9a97 \u8fc7 \u5bf9\u65b9 \u7684 \u65b9\u6cd5 \uff1b \u6bd4\u55bb \u67d0 \u5355\u4f4d \u7684 \u4eba\u5458 \u5168\u90e8 \u6216 \u5927\u90e8\u5206 \u4e0d \u5728 \uff1b \u5f62\u5bb9 \u809a\u5b50 \u997f \u3002"}, {"word": "\u540d\u5217\u524d\u8305", "definition": "\u5728 \u6bd4\u8d5b \u6216 \u8003\u8bd5 \u4e2d \u6210\u7ee9 \u4f18\u5f02 \uff0c \u540d\u6b21 \u6392 \u5728 \u524d\u9762 \u3002"}, {"word": "\u6447\u94b1\u6811", "definition": "\u6bd4\u55bb \u501f \u4ee5 \u83b7\u53d6 \u94b1\u8d22 \u7684 \u4eba \u6216 \u7269 \u3002"}, {"word": "\u968f\u9047\u800c\u5b89", "definition": "\u80fd \u9002\u5e94 \u5404\u79cd \u73af\u5883 \uff0c \u5728 \u4efb\u4f55 \u73af\u5883 \u4e2d \u90fd \u611f\u5230 \u6ee1\u8db3 \u3002"}, {"word": "\u767d\u9aa8\u7cbe", "definition": "\u300a \u897f\u6e38\u8bb0 \u300b \u4e2d \u4e00\u4e2a \u9634\u9669 \u72e1\u8bc8 \u3001 \u5584\u4e8e \u4f2a\u88c5 \u53d8\u5316 \u7684 \u5973 \u5996\u7cbe \u3002 \u5e38 \u7528 \u6765 \u6bd4\u55bb \u9634\u9669\u6bd2\u8fa3 \u7684 \u574f\u4eba \u3002"}, {"word": "\u8bd5\u91d1\u77f3", "definition": "\u6bd4\u55bb \u53ef\u9760 \u7684 \u8003\u9a8c \u4eba \u7684 \u65b9\u6cd5 \uff0c \u4e5f \u6307 \u5bf9 \u4e8b\u7269 \u7684 \u53ef\u9760 \u7684 \u68c0\u9a8c \u65b9\u6cd5 \u548c \u4f9d\u636e \u3002"}, {"word": "\u524d\u4ef0\u540e\u5408", "definition": "\u5f62\u5bb9 \u8eab\u4f53 \u524d\u540e \u6643\u52a8 \u591a \u6307 \u5927 \u7b11 \u65f6 \u3002"}, {"word": "\u62ac\u8f7f\u5b50", "definition": "\u6bd4\u55bb \u4e3a \u522b\u4eba \u7684 \u5229\u76ca \u5954\u8d70 \u6548\u52b3 \u6216 \u5949\u627f \u5439\u6367 \u3002"}, {"word": "\u8001\u7687\u5386", "definition": "\u6bd4\u55bb \u9648\u65e7 \u8fc7\u65f6 \u7684 \u89c4\u77e9 \u3002"}, {"word": "\u6025\u4e2d\u751f\u667a", "definition": "\u5728 \u5371\u6025 \u7684 \u65f6\u523b \uff0c \u731b\u7136 \u60f3 \u51fa \u529e\u6cd5 \u3002"}, {"word": "\u773c\u82b1\u7f2d\u4e71", "definition": "\u4e1c\u897f \u592a \u591a \uff0c \u773c\u775b \u770b \u4e0d \u8fc7 \u6765 \u3002"}, {"word": "\u53e3\u5934\u7985", "definition": "\u7ecf\u5e38 \u6302 \u5728 \u53e3\u5934 \u7684 \u8bcd\u53e5 \u3002"}, {"word": "\u4e30\u8863\u8db3\u98df", "definition": "\u6307 \u751f\u6d3b \u5bcc\u88d5 \uff0c \u8863\u98df \u5145\u8db3 \u3002"}, {"word": "\u9752\u9ec4\u4e0d\u63a5", "definition": "\u6bd4\u55bb \u4eba\u529b \u6216 \u7269\u529b \u524d\u540e \u63a5 \u4e0d \u4e0a \u3002"}, {"word": "\u9999\u997d\u997d", "definition": "\u6bd4\u55bb \u53d7 \u6b22\u8fce \u7684 \u4eba \u6216 \u4e8b\u7269 \u3002"}, {"word": "\u82b1\u8a00\u5de7\u8bed", "definition": "\u539f \u6307 \u94fa\u5f20 \u4fee\u9970 \u3001 \u5185\u5bb9 \u7a7a\u6cdb \u7684 \u8a00\u8bed \u6216 \u6587\u8f9e \u3002 \u540e \u591a \u6307\u7528 \u6765 \u9a97\u4eba \u7684 \u865a\u4f2a \u52a8\u542c \u7684 \u8bdd \u3002"}, {"word": "\u78e8\u6d0b\u5de5", "definition": "\u5de5\u4f5c \u65f6 \u62d6\u5ef6 \u65f6\u95f4 \uff0c \u4e5f \u6cdb\u6307 \u5de5\u4f5c \u61d2\u6563 \u62d6\u6c93 \u3002"}, {"word": "\u8e22\u76ae\u7403", "definition": "\u6bd4\u55bb \u4e92\u76f8\u63a8\u8bff \uff0c \u628a \u5e94\u8be5 \u89e3\u51b3 \u7684 \u4e8b\u60c5 \u63a8 \u7ed9 \u522b\u4eba \u3002"}, {"word": "\u6253\u5b98\u8154", "definition": "\u6307 \u8bf4 \u4e9b \u5b98\u573a \u4e0a \u7684 \u8f9e\u4ee4 \u3001 \u53e3\u543b \uff0c \u6216 \u7528 \u51a0\u5195\u5802\u7687 \u7684 \u8bdd \u6765 \u5e94\u4ed8 \u3001 \u63a8\u6258 \u6216 \u8d23\u96be \u522b\u4eba \u3002"}, {"word": "\u9a6c\u524d\u5352", "definition": "\u65e7\u6307 \u5728 \u8f66 \u524d\u5934 \u4f9b \u5954\u8d70 \u5f79\u4f7f \u7684 \u4eba \uff0c \u73b0 \u7528 \u6765 \u6bd4\u55bb \u4e3a \u522b\u4eba \u6548\u529b \u7684 \u4eba \uff08 \u591a \u542b \u8d2c\u4e49 \uff09 \u3002"}, {"word": "\u604b\u604b\u4e0d\u820d", "definition": "\u975e\u5e38 \u7559\u604b \uff0c \u820d \u4e0d \u5f97 \u79bb\u5f00 \u3002"}, {"word": "\u64e6\u8fb9\u7403", "definition": "\u6253 \u4e52\u4e53\u7403 \u65f6 \u64e6 \u7740 \u7403\u53f0 \u8fb9\u6cbf \u7684 \u7403 \uff0c \u540e \u6765 \u628a \u505a \u5728 \u89c4\u5b9a \u7684 \u754c\u9650 \u8fb9\u6cbf \u7684 \u4e8b \u6bd4\u55bb \u4e3a \u6253\u64e6\u8fb9\u7403 \u3002"}, {"word": "\u8001\u72d0\u72f8", "definition": "\u6bd4\u55bb \u975e\u5e38 \u72e1\u733e \u7684 \u4eba \u3002"}, {"word": "\u67f3\u6697\u82b1\u660e", "definition": "\u5782 \u67f3 \u6d53 \u5bc6 \uff0c \u9c9c\u82b1\u593a\u76ee \u3002 \u5f62\u5bb9 \u67f3\u6811\u6210\u836b \uff0c \u7e41\u82b1\u4f3c\u9526 \u7684 \u6625\u5929 \u666f\u8c61 \u3002"}, {"word": "\u95ed\u95e8\u7fb9", "definition": "\u88ab \u4e3b\u4eba \u62d2\u4e4b\u95e8\u5916 \u6216 \u4e3b\u4eba \u4e0d \u5728 \uff0c \u5bf9\u4e8e \u4e0a\u95e8 \u7684 \u4eba \u53eb \u5403\u95ed\u95e8\u7fb9 \u3002"}, {"word": "\u53d8\u8272\u9f99", "definition": "\u6bd4\u55bb \u770b\u98ce\u8f6c\u8235 \u7684 \u653f\u6cbb \u6295\u673a \u5206\u5b50 \u3002"}, {"word": "\u7eb9\u4e1d\u4e0d\u52a8", "definition": "\u5f62\u5bb9 \u4e00 \u52a8 \u4e5f \u4e0d \u52a8 \u3002"}, {"word": "\u773c\u75be\u624b\u5feb", "definition": "\u773c\u5149 \u9510\u5229 \uff0c \u52a8\u4f5c \u654f\u6377 \u3002"}, {"word": "\u548e\u7531\u81ea\u53d6", "definition": "\u81ea\u5df1 \u505a \u9519 \u4e86 \u4e8b \u81ea\u5df1 \u627f\u62c5 \u540e\u679c \u3002"}, {"word": "\u53e3\u8bdb\u7b14\u4f10", "definition": "\u7528 \u8a00\u8bed \u6216 \u6587\u5b57 \u8c34\u8d23 \u653b\u51fb \u4ed6\u4eba \u3002"}, {"word": "\u94c1\u516c\u9e21", "definition": "\u6bd4\u55bb \u4e00\u6bdb\u4e0d\u62d4 \u975e\u5e38 \u541d\u556c \u7684 \u4eba \u3002"}, {"word": "\u6267\u725b\u8033", "definition": "\u53e4\u4ee3 \u8bf8\u4faf \u8ba2\u7acb \u76df\u7ea6 \uff0c \u8981 \u6bcf\u4eba \u5c1d \u4e00 \u6ef4 \u7272\u8840 \uff0c \u4e3b \u76df \u7684 \u4eba \u4eb2\u624b \u5272 \u725b \u8033\u53d6 \u8840 \uff0c \u6545 \u7528 \u201c \u6267\u725b\u8033 \u201d \u6307 \u76df\u4e3b \u3002 \u540e \u6765 \u6307 \u5728 \u67d0 \u4e00 \u65b9\u9762 \u5c45 \u9886\u5bfc \u5730\u4f4d \u3002"}, {"word": "\u56de\u9a6c\u67aa", "definition": "\u56de\u8fc7 \u5934 \u6765 \u7ed9 \u8ffd\u51fb\u8005 \u7684 \u7a81\u7136\u88ad\u51fb \u3002"}, {"word": "\u864e\u5934\u86c7\u5c3e", "definition": "\u6709 \u5f00\u5934 \u6ca1\u6709 \u7ed3\u5c3e \uff0c \u8868\u793a \u505a \u4e8b\u60c5 \u6ca1\u6709 \u5b8c\u6210 \u5c31 \u4e0d \u5e72 \u4e86 \u3002"}, {"word": "\u5fc3\u65f7\u795e\u6021", "definition": "\u5fc3\u60c5 \u8212\u7545 \uff0c \u7cbe\u795e \u6109\u5feb \u3002"}, {"word": "\u5531\u5bf9\u53f0\u620f", "definition": "\u6bd4\u55bb \u91c7\u53d6 \u4e0e \u5bf9\u65b9 \u76f8\u53cd \u7684 \u884c\u52a8 \uff0c \u6216 \u6709\u610f \u641e\u57ae \u5bf9\u65b9 \u3002"}, {"word": "\u5343\u59ff\u767e\u6001", "definition": "\u5f62\u5bb9 \u59ff\u6001 \u591a\u79cd\u591a\u6837 \uff0c \u5404 \u4e0d \u76f8\u540c \u3002"}, {"word": "\u62b1\u4f5b\u811a", "definition": "\u539f \u6765 \u6bd4\u55bb \u5e73\u65f6 \u6ca1\u6709 \u8054\u7cfb \uff0c \u4e34\u65f6 \u614c\u5fd9 \u6073\u6c42 \uff0c \u540e \u6765 \u591a \u6307 \u5e73\u65f6 \u6ca1\u6709 \u51c6\u5907 \uff0c \u4e34\u65f6 \u614c\u5fd9 \u5e94\u4ed8 \u3002"}, {"word": "\u5403\u918b", "definition": "\u4ea7\u751f \u5ac9\u5992 \u60c5\u7eea \uff08 \u591a \u6307 \u7537\u5973 \u5173\u7cfb \u4e0a \u7684 \uff09 \u3002"}, {"word": "\u4e00\u4e3e\u4e24\u5f97", "definition": "\u505a \u4e86 \u4e00 \u4ef6 \u4e8b \uff0c \u5f97\u5230 \u4e24 \u79cd \u597d\u5904 \u3002"}, {"word": "\u534a\u8fb9\u5929", "definition": "\u6bd4\u55bb \u65b0 \u793e\u4f1a \u5987\u5973 \u7684 \u5de8\u5927 \u529b\u91cf \u80fd \u9876 \u534a\u8fb9\u5929 \uff0c \u4e5f \u7528 \u6765 \u6307 \u65b0 \u793e\u4f1a \u7684 \u5987\u5973 \u3002"}, {"word": "\u52bf\u4e0d\u53ef\u5f53", "definition": "\u6765 \u52bf \u8fc5\u731b \uff0c \u4e0d \u53ef \u963b\u6321 \u3002"}, {"word": "\u5782\u5934\u4e27\u6c14", "definition": "\u4f4e \u7740 \u8111\u888b \uff0c \u65e0\u7cbe\u6253\u91c7 \u3002"}, {"word": "\u5355\u76f8\u601d", "definition": "\u6307 \u7537\u5973 \u95f4 \u4ec5 \u4e00 \u65b9 \u5bf9 \u53e6 \u4e00 \u65b9 \u7231 \u5e55 \u3002"}, {"word": "\u4e00\u9505\u7ca5", "definition": "\u5f62\u5bb9 \u6df7\u4e71 \u7684 \u73b0\u8c61 \u3002"}, {"word": "\u5b8c\u74a7\u5f52\u8d75", "definition": "\u6bd4\u55bb \u628a \u4e1c\u897f \u5b8c\u597d\u65e0\u635f \u5730 \u5f52\u8fd8 \u539f\u4e3b \u3002"}, {"word": "\u65e0\u4e8b\u4e0d\u767b\u4e09\u5b9d\u6bbf", "definition": "\u6ca1\u6709 \u4e8b\u60c5 \u5c31 \u4e0d \u4e0a\u95e8 \u3002"}, {"word": "\u5b89\u5c45\u4e50\u4e1a", "definition": "\u5b89\u5b9a \u7684 \u751f\u6d3b \uff0c \u6109\u5feb \u5730 \u5de5\u4f5c \u3002"}, {"word": "\u6eda\u96ea\u7403", "definition": "\u6bd4\u55bb \u4e8b\u7269 \u5728 \u539f \u6765 \u7684 \u57fa\u7840 \u4e0a \u6570\u91cf \u8d8a \u6765 \u8d8a \u591a \uff0c \u89c4\u6a21 \u8d8a \u6765 \u8d8a \u5927 \u3002"}, {"word": "\u4e1c\u9053\u4e3b", "definition": "\u539f \u6307\u4e1c\u8def \u4e0a \u7684 \u4e3b\u4eba , \u540e \u79f0 \u8bf7\u5ba2 \u7684 \u4eba \u3002"}, {"word": "\u7f8e\u4e0d\u80dc\u6536", "definition": "\u5f62\u5bb9 \u597d \u7684 \u4e1c\u897f \u5f88\u591a \uff0c \u4e00\u65f6 \u770b \u4e0d \u8fc7 \u6765 \u3002"}, {"word": "\u9971\u6c49\u4e0d\u77e5\u997f\u6c49\u9965", "definition": "\u6bd4\u55bb \u4e0d \u80fd \u8bbe\u8eab\u5904\u5730 \u4e3a \u6709 \u56f0\u96be \u7684 \u4eba \u7740\u60f3 \u3002"}, {"word": "\u8033\u65c1\u98ce", "definition": "\u8033\u8fb9 \u5439 \u8fc7 \u7684 \u98ce \uff0c \u6bd4 \u55bb\u542c \u8fc7\u540e \u4e0d \u653e \u5728 \u5fc3\u4e0a \u7684 \u8bdd \uff08 \u591a \u6307 \u529d\u544a \u3001 \u5631\u5490 \uff09 \u3002"}, {"word": "\u62d4\u5730\u800c\u8d77", "definition": "\u5730\u9762 \u4e0a \u7a81\u7136 \u9ad8 \u51fa \u6765 \u7684 \u3002"}, {"word": "\u7a7f\u5c0f\u978b", "definition": "\u6bd4\u55bb \u53d7\u5230 \u522b\u4eba \u5229\u7528 \u804c\u6743 \u6697\u4e2d \u7ed9 \u4e88 \u7684 \u5201\u96be \u3001 \u62a5\u590d \u6216 \u65bd\u52a0 \u7684 \u7ea6\u675f \u3001 \u9650\u5236 \u3002"}, {"word": "\u52bf\u5229\u773c", "definition": "\u4f5c\u98ce \u52bf\u5229 \u7684 \u4eba \u3002"}, {"word": "\u5507\u4ea1\u9f7f\u5bd2", "definition": "\u7528 \u6765 \u6bd4\u55bb \u4e24 \u79cd \u4e8b\u7269 \u5f7c\u6b64 \u7684 \u5173\u7cfb \u5bc6\u5207 \uff0c \u4e92\u76f8 \u4f9d\u9760 \u3002"}, {"word": "\u6253\u6e38\u51fb", "definition": "\u6bd4\u55bb \u4ece\u4e8b \u6ca1\u6709 \u5730\u70b9 \u7684 \u5de5\u4f5c \u6216 \u6d3b\u52a8 \u3002"}, {"word": "\u5c0f\u7b97\u76d8", "definition": "\u6bd4\u55bb \u4e3a \u4e2a\u4eba \u6216 \u5c40\u90e8 \u5229\u76ca \u7684 \u6253\u7b97 \u3002"}, {"word": "\u4e2d\u5c71\u72fc", "definition": "\u89c1 \u9a6c \u4e2d \u9521 \u300a \u4e2d\u5c71\u72fc\u4f20 \u300b \uff0c \u6bd4 \u55bb\u6069 \u5c06 \u4ec7\u62a5 \uff0c \u6ca1\u6709 \u826f\u5fc3 \u7684 \u4eba \u3002"}, {"word": "\u5f00\u95e8\u7ea2", "definition": "\u6bd4\u55bb \u5728 \u4e00 \u5e74 \u5f00\u59cb \u6216 \u4e00 \u9879 \u5de5\u4f5c \u5f00\u59cb \u65f6 \u5c31 \u83b7\u5f97 \u663e\u8457 \u7684 \u6210\u7ee9 \u3002"}, {"word": "\u4e00\u9505\u7aef", "definition": "\u6bd4\u55bb \u5168\u90e8 \u6d88\u706d \u6216 \u5c3d\u5176\u6240\u6709 \u3002"}, {"word": "\u70c2\u644a\u5b50", "definition": "\u6bd4\u55bb \u79e9\u5e8f \u6df7\u4e71 \u3001 \u4e0d \u6613 \u6536\u62fe \u6574\u987f \u7684 \u5c40\u9762 \u6216 \u5355\u4f4d \u3002"}, {"word": "\u800d\u82b1\u62db", "definition": "\u5356 \u5f04 \u5c0f \u806a\u660e \uff0c \u73a9\u5f04 \u6280\u5de7 \u3002"}, {"word": "\u8001\u5927\u96be", "definition": "\u5f62\u5bb9 \u95ee\u9898 \u9519\u7efc\u590d\u6742 \u3002"}, {"word": "\u5531\u4e3b\u89d2", "definition": "\u6bd4\u55bb \u62c5\u8d1f \u4e3b\u8981 \u4eba\u7269 \u6216 \u5728 \u67d0 \u65b9\u9762 \u8d77 \u4e3b\u5bfc \u4f5c\u7528 \u3002"}, {"word": "\u829d\u9ebb\u5b98", "definition": "\u6307 \u804c\u4f4d \u4f4e \u3001 \u6743\u529b \u5c0f \u7684 \u5b98 \uff08 \u542b \u8ba5\u8bbd\u4e49 \uff09 \u3002"}, {"word": "\u6076\u4f5c\u5267", "definition": "\u6349\u5f04\u800d\u7b11 \uff0c \u4f7f \u4eba \u96be\u582a \u3002"}, {"word": "\u8001\u5f53\u76ca\u58ee", "definition": "\u5e74\u7eaa \u867d \u8001 \uff0c \u7cbe\u529b \u5374 \u66f4\u52a0 \u65fa\u76db \u3002"}, {"word": "\u53f0\u67f1\u5b50", "definition": "\u6bd4\u55bb \u96c6\u4f53 \u4e2d \u7684 \u9aa8\u5e72 \u3002"}, {"word": "\u7834\u5929\u8352", "definition": "\u6bd4\u55bb \u4e8b\u60c5 \u7b2c\u4e00 \u6b21 \u51fa\u73b0 \u3002"}, {"word": "\u7406\u76f4\u6c14\u58ee", "definition": "\u7406\u7531 \u6b63\u786e \u5145\u5206 \uff0c \u8bf4\u8bdd \u7684 \u6c14\u52bf \u5f88 \u76db \u3002"}, {"word": "\u7167\u5996\u955c", "definition": "\u65e7 \u5c0f\u8bf4 \u4e2d \u6240 \u8bf4 \u7684 \u4e00 \u79cd \u5b9d\u955c \uff0c \u80fd \u7167 \u51fa \u5996\u9b54 \u539f\u5f62 \u3002 \u73b0 \u4e5f \u7528\u4e8e \u6bd4\u55bb \u3002"}, {"word": "\u96e8\u540e\u6625\u7b0b", "definition": "\u6bd4\u55bb \u65b0 \u4e8b\u7269 \u84ec\u52c3 \u6d8c\u73b0 \u3002"}, {"word": "\u9876\u5929\u7acb\u5730", "definition": "\u5f62\u5bb9 \u5f62\u8c61 \u9ad8\u5927 \uff0c \u6c14\u6982 \u8c6a\u8fc8 \u3002"}, {"word": "\u4e5d\u9704\u4e91\u5916", "definition": "\u6bd4\u55bb \u6781\u9650 \u8fdc \u7684 \u5730\u65b9 \u3002"}, {"word": "\u8d70\u94a2\u4e1d", "definition": "\u6bd4\u55bb \u505a \u6709 \u98ce\u9669 \u7684 \u4e8b \u3002"}, {"word": "\u8089\u4e2d\u523a", "definition": "\u6bd4\u55bb \u6700 \u75db\u6068 \u800c \u6025\u4e8e \u9664\u6389 \u7684 \u4eba ( \u5e38 \u8ddf \u201c \u773c\u4e2d\u9489 \u201d \u8fde \u7528 ) \u3002"}, {"word": "\u5b88\u8d22\u5974", "definition": "\u6709\u94b1 \u800c \u541d\u556c \u7684 \u4eba \u3002"}, {"word": "\u6253\u9000\u5802\u9f13", "definition": "\u6bd4\u55bb \u529e\u4e8b \u4e2d\u9014 \u9000\u7f29 \u3002"}, {"word": "\u5929\u58e4\u4e4b\u522b", "definition": "\u6bd4\u55bb \u5f7c\u6b64 \u76f8\u5dee \u592a \u8fdc \u3002"}, {"word": "\u4e0a\u53f0\u9636", "definition": "\u6bd4\u55bb \u53d6\u5f97 \u65b0 \u7684 \u66f4 \u5927 \u7684 \u6210\u5c31 \u3002"}, {"word": "\u4f17\u53e3\u4e00\u8bcd", "definition": "\u5f62\u5bb9 \u6240\u6709 \u4eba \u7684 \u8bf4\u6cd5 \u4e00\u81f4 \u3002"}, {"word": "\u968f\u5fc3\u6240\u6b32", "definition": "\u6307\u968f \u7740 \u81ea\u5df1 \u7684 \u5fc3\u610f \uff0c \u60f3 \u600e\u6837 \u5c31 \u600e\u6837 \u3002"}, {"word": "\u81ea\u6b3a\u6b3a\u4eba", "definition": "\u81ea\u5df1 \u54c4\u9a97 \u81ea\u5df1 \u4ee5\u4e3a \u4e5f \u80fd \u6b3a\u9a97 \u522b\u4eba \uff0c \u6bd4\u55bb \u611a\u8822 \u81ea\u6b3a \u7684 \u63a9\u9970 \u884c\u4e3a \u3002"}, {"word": "\u5b89\u4e50\u7a9d", "definition": "\u5b89\u9038 \u7684 \u751f\u6d3b \u73af\u5883 \u6216 \u5c0f\u5de7 \u3001 \u6e29\u6696 \u3001 \u8212\u9002 \u7684 \u5904\u6240 \u6216 \u623f\u95f4 \u3002"}, {"word": "\u8c6a\u8a00\u58ee\u8bed", "definition": "\u8c6a\u8fc8 \u96c4\u58ee \u7684 \u8a00\u8bed \u3002 \u5f62\u5bb9 \u5145\u6ee1 \u82f1\u96c4 \u6c14\u6982 \u7684 \u8bdd \u3002"}, {"word": "\u8d70\u8fc7\u573a", "definition": "\u6bd4\u55bb \u6577\u884d\u4e86\u4e8b \u3002"}, {"word": "\u5de7\u593a\u5929\u5de5", "definition": "\u7cbe\u5de7 \u7684 \u4eba\u5de5 \u80dc\u8fc7 \u5929\u7136 \uff0c \u5f62\u5bb9 \u6781\u5176 \u7cbe\u5de7 \u3002"}, {"word": "\u65e5\u65b0\u6708\u5f02", "definition": "\u6bcf\u5929 \u90fd \u5728 \u66f4\u65b0 \uff0c \u6bcf\u6708 \u90fd \u6709 \u53d8\u5316 \u3002 \u6307 \u53d1\u5c55 \u6216 \u8fdb\u6b65 \u8fc5\u901f \uff0c \u4e0d \u65ad \u51fa\u73b0 \u65b0 \u4e8b\u7269 \u3001 \u65b0\u6c14\u8c61 \u3002"}, {"word": "\u96ea\u4e2d\u9001\u70ad", "definition": "\u6bd4\u55bb \u5728 \u522b\u4eba \u6700 \u56f0\u96be \uff0c \u6700 \u9700\u8981 \u5e2e\u52a9 \u65f6 \u7ed9 \u4e88 \u5e2e\u52a9 \u3002"}, {"word": "\u4ea4\u767d\u5377", "definition": "\u6bd4\u55bb \u627f\u62c5 \u7684 \u4efb\u52a1 \u4e00\u70b9 \u6ca1 \u5b8c\u6210 \u3002"}, {"word": "\u9b3c\u628a\u620f", "definition": "\u9634\u9669 \u7684 \u624b\u6bb5 \u6216 \u653f\u7b56 \u3002"}, {"word": "\u89c1\u4e49\u52c7\u4e3a", "definition": "\u770b\u5230 \u6b63\u4e49 \u7684 \u4e8b\u60c5 \u594b\u52c7 \u53bb \u505a \u3002"}, {"word": "\u5531\u9ad8\u8c03", "definition": "\u8bf4 \u4e0d\u5207\u5b9e\u9645 \u7684 \u6f02\u4eae \u8bdd \uff1b \u8bf4 \u5f97 \u597d\u542c \u800c \u4e0d \u53bb \u884c\u52a8 \u3002"}, {"word": "\u6ee1\u5802\u7ea2", "definition": "\u6bd4\u55bb \u5168\u9762 \u80dc\u5229 \u6216 \u5174\u65fa\u53d1\u8fbe \u3002"}, {"word": "\u82b1\u62f3\u7ee3\u817f", "definition": "\u62f3\u672f \u867d\u7136 \u597d\u770b \uff0c \u4f46 \u5e76 \u4e0d \u5b9e\u7528 \u3002"}, {"word": "\u81ea\u59cb\u81f3\u7ec8", "definition": "\u505a\u4e8b \u6709 \u5f00\u5934 \uff0c \u4e5f \u6709 \u7ed3\u5c3e \uff0c \u975e\u5e38 \u8ba4\u771f \uff0c \u80fd \u575a\u6301 \u5230\u5e95 \u3002"}, {"word": "\u7d27\u7b8d\u5492", "definition": "\u6bd4\u55bb \u675f\u7f1a \u4eba \u7684 \u4e1c\u897f \u3002"}, {"word": "\u7eb8\u8001\u864e", "definition": "\u6bd4\u55bb \u5916\u8868 \u5f3a\u5927 \u51f6\u72e0 \u800c \u5b9e\u9645 \u7a7a\u865a\u65e0\u529b \u7684 \u4eba \u6216 \u96c6\u56e2 \u3002"}, {"word": "\u6068\u94c1\u4e0d\u6210\u94a2", "definition": "\u6068 \u67d0\u4eba \u4e0d \u4e89\u6c14 \u3001 \u4e0d \u6210\u6750 \u3002 \u591a \u7528\u4e8e \u5bf9 \u5b66\u751f \u6216 \u5b50\u5973 \uff0c \u6709\u65f6 \u4e5f \u7528\u4e8e \u5bf9 \u4e0b\u5c5e \u6216 \u516c\u4f17 \u4eba\u7269 \u3002"}, {"word": "\u4efb\u52b3\u4efb\u6028", "definition": "\u4e0d \u6015 \u52b3\u82e6 \uff0c \u4e0d \u6015 \u57cb\u6028 \uff0c \u5f62\u5bb9 \u4e00\u5fc3\u4e3a\u516c \u7684 \u601d\u60f3 \u3002"}, {"word": "\u6291\u626c\u987f\u632b", "definition": "\u58f0\u97f3 \u9ad8\u4f4e \u8d77\u4f0f \u548c \u505c\u987f \u8f6c\u6298 \u3002"}, {"word": "\u4e00\u8a00\u5802", "definition": "\u65e7\u65f6 \u5546\u5e97 \u6302 \u7684 \u6241\u989d \uff0c \u8868\u793a \u4e0d \u4e8c \u4ef7 \uff1b \u73b0 \u591a \u6307 \u9886\u5bfc \u7f3a\u4e4f \u6c11\u4e3b \u4f5c\u98ce \uff0c \u4e0d \u80fd \u542c\u53d6 \u7fa4\u4f17 \u7684 \u610f\u89c1 \uff0c \u7279\u522b \u4e0d \u80fd \u542c \u76f8\u53cd \u7684 \u610f\u89c1 \uff0c \u8ddf \u201c \u7fa4\u8a00\u5802 \u201d \u76f8\u5bf9 \u3002"}, {"word": "\u7ed8\u58f0\u7ed8\u8272", "definition": "\u8bf4\u8bdd \u3001 \u4f5c\u6587 \u63cf\u7ed8 \u5f97 \u5f88 \u751f\u52a8 \uff0c \u4f7f \u4eba \u611f\u5230 \u5c31 \u50cf \u4eb2\u773c \u770b\u89c1 \u7684 \u4e00\u6837 \u3002"}, {"word": "\u8db3\u667a\u591a\u8c0b", "definition": "\u667a\u8bc6 \u4e30\u5bcc\u591a\u8ba1\u8c0b \u3002"}, {"word": "\u663e\u800c\u6613\u89c1", "definition": "\u7528 \u6765 \u5f62\u5bb9 \u4e8b\u60c5 \u3001 \u9053\u7406 \u5f88 \u660e\u663e \uff0c \u5bb9\u6613 \u6e05\u695a \u3002"}, {"word": "\u9a6c\u540e\u70ae", "definition": "\u8c61\u68cb \u672f\u8bed \uff0c \u6bd4\u55bb \u4e0d \u53ca\u65f6 \u7684 \u4e3e\u52a8 \u3002"}, {"word": "\u800d\u628a\u620f", "definition": "\u6bd4\u55bb \u65bd\u5c55 \u8be1\u8bc8 \u624b\u6bb5 \u3002"}, {"word": "\u4e00\u9488\u89c1\u8840", "definition": "\u6bd4\u55bb\u8bdd \u8bf4 \u5f97 \u7b80\u77ed \u800c \u80fd \u5207\u4e2d\u8981\u5bb3 \u3002"}, {"word": "\u70ae\u7b52\u5b50", "definition": "\u662f \u6307 \u6027\u60c5 \u6025\u8e81 \u6216 \u5fc3\u76f4\u53e3\u5feb \u7684 \u4eba \u3002"}, {"word": "\u8c28\u5c0f\u614e\u5fae", "definition": "\u4e3e\u52a8 \u975e\u5e38 \u8c28\u614e \uff0c \u4e00\u70b9 \u4e0d \u6562 \u758f\u5ffd \u3002"}, {"word": "\u715e\u6709\u4ecb\u4e8b", "definition": "\u88c5\u6a21\u4f5c\u6837 \uff0c \u6d3b\u8c61 \u771f \u6709 \u90a3 \u4e48 \u4e00 \u56de \u4e8b \u4f3c \u7684 \u3002"}, {"word": "\u4e00\u7897\u6c34\u7aef\u5e73", "definition": "\u6bd4\u55bb \u5bf9 \u76f8\u5173 \u5404\u65b9 \u4e00\u89c6\u540c\u4ec1 \uff0c \u4e0d \u504f\u5411 \u4efb\u4f55 \u4e00 \u65b9 \u3002"}, {"word": "\u5357\u67ef\u4e00\u68a6", "definition": "\u6bd4 \u55bb\u7a7a \u6b22\u559c \u4e00 \u573a \u3002"}, {"word": "\u4e00\u4e1d\u4e0d\u82df", "definition": "\u505a\u4e8b \u975e\u5e38 \u8ba4\u771f \u3001 \u7ec6\u81f4 \uff0c \u4e00\u4e1d\u4e00 \u4e5f \u4e0d \u9a6c\u864e \u3002"}, {"word": "\u63d0\u5fc3\u540a\u80c6", "definition": "\u5f62\u5bb9 \u5341\u5206 \u62c5\u5fc3 \u6216 \u5bb3\u6015 \u3002"}, {"word": "\u5e94\u58f0\u866b", "definition": "\u6bd4\u55bb \u968f\u58f0\u9644\u548c \u7684 \u4eba \u3002"}, {"word": "\u80cc\u9ed1\u9505", "definition": "\u6bd4 \u55bb\u4ee3\u4eba \u53d7 \u8fc7 , \u6cdb\u6307 \u53d7 \u51a4\u5c48 \u3002"}, {"word": "\u800d\u8d2b\u5634", "definition": "\u6bd4\u55bb \u4e0d \u7ba1 \u5bf9\u65b9 \u662f \u5426 \u613f\u610f \u542c \u800c \u5520\u53e8 \u5730 \u8bf4 \u3002"}, {"word": "\u5916\u5f3a\u4e2d\u5e72", "definition": "\u5f62\u5bb9 \u5916\u9762 \u5f3a\u58ee \uff0c \u5185\u91cc \u7a7a\u865a \u3002"}, {"word": "\u6251\u6714\u8ff7\u79bb", "definition": "\u5f62\u5bb9 \u4e8b\u60c5 \u9519\u7efc\u590d\u6742 \uff0c \u96be\u4ee5 \u8fa8\u522b \u6e05\u695a \u3002"}, {"word": "\u575a\u97e7\u4e0d\u62d4", "definition": "\u575a\u5b9a \u800c \u6709 \u6bc5\u529b \u3002"}, {"word": "\u653e\u7a7a\u70ae", "definition": "\u6bd4\u55bb \u8bf4\u7a7a\u8bdd \uff0c \u8bf4 \u4e86 \u4e0d\u80fd \u5151\u73b0 \u3002"}, {"word": "\u7092\u9c7f\u9c7c", "definition": "\u9c7f\u9c7c \u4e00 \u7092 \u5c31 \u5377 \u8d77 \u6765 \uff0c \u50cf \u662f \u5377 \u94fa\u76d6 \uff0c \u6bd4\u55bb \u89e3\u96c7 \u3002"}, {"word": "\u88f9\u8db3\u4e0d\u524d", "definition": "\u6307 \u505c\u6b62 \u4e0d \u6562 \u524d\u8fdb \u3002"}, {"word": "\u5f00\u5c0f\u5dee", "definition": "\u539f \u6307 \u519b\u4eba \u79c1\u81ea \u8131\u79bb \u961f\u4f0d \u9003\u8dd1 \uff0c \u540e \u6bd4\u55bb \u601d\u60f3 \u4e0d \u96c6\u4e2d \u3002"}, {"word": "\u5f97\u8fc7\u4e14\u8fc7", "definition": "\u80fd \u8fc7 \u4e0b\u53bb \uff0c \u5c31 \u5148 \u8fc7 \u4e0b\u53bb \uff0c \u8fc7\u4e00\u5929\u7b97\u4e00\u5929 \u3002"}, {"word": "\u826f\u5e08\u76ca\u53cb", "definition": "\u80fd \u7ed9 \u4eba \u5e2e\u52a9 \u7684 \u597d \u8001\u5e08 \uff0c \u80fd \u76f4\u8a00\u76f8\u544a \u7684 \u597d \u670b\u53cb \u3002"}, {"word": "\u6316\u5899\u811a", "definition": "\u4ece \u7ade\u4e89 \u5bf9\u624b \u90a3\u91cc \u5f04 \u8d70 \u4eba\u624d \u6216 \u62a2\u8d70 \u751f\u610f \u3002"}, {"word": "\u6709\u773c\u4e0d\u8bc6\u6cf0\u5c71", "definition": "\u6bd4\u55bb\u6d45\u964b\u65e0\u77e5 \uff0c \u8ba4 \u4e0d \u51fa \u6709 \u5730\u4f4d \u6709 \u80fd\u8010 \u7684 \u4eba \u3002"}, {"word": "\u60ca\u5929\u52a8\u5730", "definition": "\u5f62\u5bb9 \u58f0\u97f3 \u7279\u522b \u54cd\u4eae \u3002 \u5f62\u5bb9 \u58f0\u52bf\u6d69\u5927 \u6216 \u4e8b\u4e1a \u4f1f\u5927 \u3002"}, {"word": "\u60c5\u4e0d\u81ea\u7981", "definition": "\u6291\u5236 \u4e0d \u4e86 \u81ea\u5df1 \u7684 \u611f\u60c5 \u3002"}, {"word": "\u4f83\u5927\u5c71", "definition": "\u5439\u725b \uff0c \u8bf4\u7b11\u8bdd \uff0c \u6ca1\u6709 \u76ee \u7684 \u7684 \u804a\u5929 \u3002"}, {"word": "\u5ea7\u53f3\u94ed", "definition": "\u5199 \u51fa \u6765 \u653e\u5728 \u5ea7\u4f4d \u65c1\u8fb9 \u7684 \u683c\u8a00 \u3002 \u6cdb\u6307 \u6fc0\u52b1 \u3001 \u8b66\u6212 \u81ea\u5df1 \u7684 \u683c\u8a00 \u3002"}, {"word": "\u56eb\u56f5\u541e\u67a3", "definition": "\u628a \u67a3\u5b50 \u6574\u4e2a\u513f \u541e \u4e0b\u53bb \uff0c \u4e0d \u8fa8 \u6ecb\u5473 \u3002 \u6bd4\u55bb \u8bfb\u4e66 \u4e0d \u8ba4\u771f \uff0c \u4e0d \u4ed4\u7ec6 \uff0c \u4e0d \u7406\u89e3 \u610f\u601d \u3002"}, {"word": "\u6253\u767d\u6761", "definition": "\u7279\u6307 \u53ea \u7ed9 \u6b20\u6761 \uff0c \u4e0d \u7ed9 \u73b0\u91d1 \u7684 \u505a\u6cd5 \u3002"}, {"word": "\u4e0d\u7ba1\u4e09\u4e03\u4e8c\u5341\u4e00", "definition": "\u4e0d\u987e\u4e00\u5207 \uff1b \u4e0d \u95ee \u662f\u975e \u60c5\u7531 \u3002"}, {"word": "\u9c7c\u6c34\u60c5", "definition": "\u5f62\u5bb9 \u6781\u5176 \u4eb2\u5bc6 \u7684 \u60c5\u8c0a \uff0c \u5c31 \u50cf \u9c7c \u548c \u6c34 \u4e0d \u80fd \u5206\u79bb \u4e00\u6837 \u3002"}, {"word": "\u540c\u7518\u5171\u82e6", "definition": "\u6bd4\u55bb \u540c \u6b22\u4e50 \uff0c \u5171 \u60a3\u96be \u3002"}, {"word": "\u5927\u6c14\u5019", "definition": "\u6bd4\u55bb \u51fa\u73b0 \u5728 \u8f83 \u5927 \u8303\u56f4 \u7684 \u67d0\u79cd \u6574\u6cbb \u3001 \u7ecf\u6d4e \u5f62\u5f0f \u6216 \u601d\u6f6e \u3002"}, {"word": "\u4e00\u9524\u5b50\u4e70\u5356", "definition": "\u4e00\u6b21\u6027 \u4ea4\u6613 \uff0c \u591a \u6307 \u4e0d \u6cd5 \u5546\u8d29 \u7684 \u884c\u4e3a \uff0c \u542b \u8d2c\u4e49 \u3002"}, {"word": "\u6572\u95e8\u7816", "definition": "\u6bd4\u55bb \u501f \u4ee5 \u6c42\u5f97 \u540d\u5229 \u7684 \u521d\u6b65 \u624b\u6bb5 \u3002"}, {"word": "\u6307\u65e5\u53ef\u5f85", "definition": "\u55bb \u7b49\u5f85 \u7684 \u65f6\u95f4 \u4e0d \u5fc5 \u5f88 \u4e45 \u3002"}, {"word": "\u4e0b\u9a6c\u5a01", "definition": "\u539f \u6765 \u6307 \u65b0 \u5b98 \u5230\u4efb \u65f6 \u6545\u610f \u5411 \u4e0b\u5c5e \u663e\u793a \u5a01\u98ce \uff0c \u6cdb\u6307 \u4e00 \u5f00\u59cb \u5c31 \u5411 \u5bf9\u65b9 \u663e\u793a \u7684 \u5a01\u529b \u3002"}, {"word": "\u9500\u58f0\u533f\u8ff9", "definition": "\u6307 \u9690\u85cf \u8d77 \u6765 \u6216 \u4e0d \u516c\u5f00 \u9732\u9762 \u3002"}, {"word": "\u8001\u6389\u7259", "definition": "\u5f62\u5bb9 \u4e8b\u7269 \u8a00\u8bba \u7b49 \u9648\u65e7 \u8fc7\u65f6 \u3002"}, {"word": "\u667a\u591a\u661f", "definition": "\u300a \u6c34\u6d52 \u300b \u4e2d \u5434\u7528 \u7684 \u7ef0\u53f7 \uff0c \u6cdb \u6307\u8ba1 \u8c0b \u591a \u7684 \u4eba \u3002"}, {"word": "\u5c45\u5b89\u601d\u5371", "definition": "\u5904\u5728 \u5b89\u5b9a \u7684 \u73af\u5883 \u800c \u60f3\u5230 \u53ef\u80fd \u4f1a \u51fa\u73b0 \u7684 \u5371\u96be \u3002"}, {"word": "\u5343\u91cc\u9a6c", "definition": "\u539f\u6307\u5584\u8dd1 \u7684 \u9a8f\u9a6c , \u53ef\u4ee5 \u65e5\u884c\u5343\u91cc \u3002 \u73b0\u5728 \u5e38 \u7528 \u6765 \u6bd4\u55bb \u4eba\u624d \u3002"}, {"word": "\u6012\u53d1\u51b2\u51a0", "definition": "\u6c14 \u5f97 \u5934\u53d1 \u76f4 \u7ad6 \uff0c \u628a \u5e3d\u5b50 \u4e5f \u9876\u8d77 \u6765 \u3002"}, {"word": "\u6253\u9884\u9632\u9488", "definition": "\u6bd4\u55bb \u63d0\u524d \u6253\u62db\u547c \uff0c \u505a \u597d \u601d\u60f3 \u51c6\u5907 \uff0c \u4ee5 \u9632\u60a3\u4e8e\u672a\u7136 \u3002"}, {"word": "\u8e51\u624b\u8e51\u811a", "definition": "\u5f62\u5bb9 \u8d70\u8def \u65f6 \u811a\u6b65 \u653e \u5f97 \u5f88 \u8f7b \u3002"}, {"word": "\u6843\u82b1\u8fd0", "definition": "\u6307 \u7537\u5b50 \u5728 \u7231\u60c5 \u65b9\u9762 \u7684 \u8fd0\u6c14 \u3002"}, {"word": "\u7a9d\u91cc\u6597", "definition": "\u5bb6 \u65cf \u6216 \u56e2\u4f53 \u5185\u90e8 \u5f7c\u6b64 \u94a9\u5fc3\u6597\u89d2 \u3002 \u6307 \u5bb6 \u5ead \u6216 \u56e2\u4f53 \u5185\u90e8 \u53d1\u751f \u4e89\u6597 \u548c \u51b2\u7a81 \u3002"}, {"word": "\u4e09\u8a00\u4e24\u8bed", "definition": "\u51e0 \u53e5 \u8bdd \u3002 \u5f62\u5bb9 \u8bdd \u5f88 \u5c11 \u3002"}, {"word": "\u5f20\u51a0\u674e\u6234", "definition": "\u628a \u59d3 \u5f20 \u7684 \u5e3d\u5b50 \u7ed9 \u59d3 \u674e \u7684 \u6234 \u4e0a \uff0c \u6bd4\u55bb \u5f04 \u98a0\u5012 \u4e86 \u4e8b\u5b9e \uff0c \u8ba4\u9519 \u4e86 \u5bf9\u8c61 \u3002"}, {"word": "\u8ff7\u9b42\u9635", "definition": "\u6bd4\u55bb \u4f7f \u4eba \u8ff7\u60d1 \u800c \u4e0a\u5f53 \u7684 \u5708\u5957 \u3001 \u8ba1\u8c0b \u3002"}, {"word": "\u90c1\u90c1\u8471\u8471", "definition": "\u8349\u6728 \u82cd\u7fe0 \u8302\u76db \u3002"}, {"word": "\u59f9\u7d2b\u5ae3\u7ea2", "definition": "\u5f62\u5bb9 \u597d\u770b \u7684 \u82b1 \u5a07\u8273 \u7eda\u4e3d \u3002"}, {"word": "\u7433\u7405\u6ee1\u76ee", "definition": "\u6bd4\u55bb \u773c\u524d \u5145\u6ee1 \u4e86 \u597d \u7269\u54c1 \u3001 \u597d \u6587\u7ae0 \u6216 \u6709\u7528 \u7684 \u4eba\u6750 \u3002"}, {"word": "\u6570\u4e0d\u80dc\u6570", "definition": "\u6570 \u4e5f \u6570 \u4e0d \u8fc7 \u6765 \uff0c \u5f62\u5bb9 \u5f88\u591a \u3002"}, {"word": "\u624b\u4e0d\u91ca\u5377", "definition": "\u5f62\u5bb9 \u5b66\u4e60 \u52e4\u594b \u523b\u82e6 \uff0c \u4e0d \u820d\u5f97 \u653e\u4e0b \u624b\u4e2d \u7684 \u4e66\u672c \u3002"}, {"word": "\u4e3e\u6848\u9f50\u7709", "definition": "\u55bb \u592b\u5987 \u76f8\u656c \u6709 \u7406 \u3002"}, {"word": "\u6253\u5706\u573a", "definition": "\u8c03\u89e3 \u7ea0\u7eb7 \uff0c \u7f13\u548c \u77db\u76fe \u3002"}, {"word": "\u9732\u9a6c\u811a", "definition": "\u6bd4\u55bb \u9690\u853d \u7684 \u4e8b\u5b9e \u771f\u76f8 \u6cc4\u9732 \u51fa \u6765 \u3002"}, {"word": "\u8d5e\u4e0d\u7edd\u53e3", "definition": "\u8fde \u58f0 \u79f0\u8d5e \u4e0d \u6b62 \u3002"}, {"word": "\u63a5\u4e8c\u8fde\u4e09", "definition": "\u4e00\u4e2a \u63a5\u7740 \u4e00\u4e2a \uff0c \u5f62\u5bb9 \u63a5\u8fde\u4e0d\u65ad \u3002"}, {"word": "\u795e\u673a\u5999\u7b97", "definition": "\u5f62\u5bb9 \u6709 \u9884\u89c1\u6027 \uff0c \u5584\u4e8e \u6839\u636e \u5ba2\u89c2 \u5f62\u52bf \u51b3\u5b9a \u7b56\u7565 \u3002 \u975e\u51e1 \u7684 \u673a\u667a \uff0c \u5de7\u5999 \u7684 \u8ba1\u8c0b \u3002"}, {"word": "\u626c\u7709\u5410\u6c14", "definition": "\u5f62\u5bb9 \u4eba\u4e45\u56f0 \u4e4b\u540e \uff0c \u4e00\u65e6 \u8212\u5c55 \u6000\u62b1 \u7684 \u559c\u60a6 \u5f97\u610f \u3002"}, {"word": "\u638c\u4e0a\u660e\u73e0", "definition": "\u6307 \u7236\u6bcd \u6240 \u75bc\u7231 \u7684 \u5973\u513f \u3002"}, {"word": "\u5e94\u63a5\u4e0d\u6687", "definition": "\u5f62\u5bb9 \u6765 \u4eba \u6216 \u4e8b\u60c5 \u592a \u591a \uff0c \u5e94\u4ed8 \u4e0d \u8fc7 \u6765 \u3002"}, {"word": "\u4e71\u5f39\u7434", "definition": "\u6bd4 \u55bb\u80e1\u95f9 \u6216 \u778e\u626f \u3002"}, {"word": "\u6301\u4e4b\u4ee5\u6052", "definition": "\u6709 \u6052\u5fc3 \uff0c \u6709 \u6bc5\u529b \uff0c \u575a\u6301\u4e0d\u61c8 \u3002"}, {"word": "\u6709\u58f0\u6709\u8272", "definition": "\u5f62\u5bb9 \u8868\u73b0 \u5f97 \u5341\u5206 \u751f\u52a8 \u3002"}, {"word": "\u540a\u80c3\u53e3", "definition": "\u7528 \u597d\u5403 \u7684 \u4e1c\u897f \u5f15\u8d77 \u4eba \u7684 \u98df\u6b32 \uff0c \u4e5f \u6bd4\u55bb \u8ba9 \u4eba \u4ea7\u751f \u6b32\u671b \u548c \u5174\u8da3 \u3002"}, {"word": "\u62cd\u9a6c\u5c41", "definition": "\u5411 \u4eba \u8c04\u5a9a\u5949\u627f \u3002"}, {"word": "\u4ea4\u5934\u63a5\u8033", "definition": "\u51d1\u8fd1 \u8033\u6735 \uff0c \u4f4e\u58f0 \u79c1\u8bed \u3002"}, {"word": "\u4e24\u8d25\u4ff1\u4f24", "definition": "\u6597\u4e89 \u53cc\u65b9 \u90fd \u53d7\u5230 \u635f\u4f24 \uff0c \u3002"}, {"word": "\u9876\u6881\u67f1", "definition": "\u6bd4\u55bb \u8d77 \u4e3b\u8981 \u4f5c\u7528 \u7684 \u9aa8\u5e72 \u529b\u91cf \u3002"}, {"word": "\u5357\u8f95\u5317\u8f99", "definition": "\u6307 \u4eba\u4eec \u505a\u4e8b \u5982\u679c \u65b9\u5411 \u9519 \u4e86 \uff0c \u65e0\u8bba \u6761\u4ef6 \u591a \u597d \uff0c \u4e5f \u4e0d \u80fd \u8fbe\u5230 \u76ee \u7684 \u3002"}, {"word": "\u6c81\u4eba\u5fc3\u813e", "definition": "\u539f\u6307 \u5438 \u5165 \u82b3\u9999 \u6c14\u5473 \u3001 \u65b0\u9c9c \u7a7a\u6c14 \u6216 \u559d \u4e86 \u6e05\u51c9 \u996e\u6599 \u7b49 \u65f6 \uff0c \u611f\u5230 \u8212\u9002 \u548c \u6109\u5feb \u3002 \u4e5f \u7528 \u6765 \u5f62\u5bb9 \u6587\u827a \u4f5c\u54c1 \u7684 \u7f8e\u597d \u4e0e \u611f\u4eba \u6240 \u7ed9 \u4e88 \u4eba \u7684 \u6e05\u65b0 \u723d\u6717 \u7684 \u611f\u53d7 \u3002"}, {"word": "\u5b9a\u5fc3\u4e38", "definition": "\u80fd \u4f7f \u4eba \u60c5\u7eea \u5b89\u5b9a \u7684 \u4e1c\u897f \u3002"}, {"word": "\u9b3c\u95e8\u5173", "definition": "\u8ff7\u4fe1 \u4f20\u8bf4 \u4e2d \u7684 \u9634\u9633 \u4ea4\u754c \u7684 \u5173\u53e3 \uff0c \u6bd4\u55bb \u51f6\u9669 \u7684 \u5730\u65b9 \u3002"}, {"word": "\u540c\u5f52\u4e8e\u5c3d", "definition": "\u4e00\u540c \u6b7b\u4ea1 \u6216 \u6bc1\u706d \u3002"}, {"word": "\u51b7\u8a00\u51b7\u8bed", "definition": "\u5e26 \u8ba5\u8bbd \u7684 \u51b7\u51b0\u51b0 \u7684 \u8bdd \u3002"}, {"word": "\u82e5\u65e0\u5176\u4e8b", "definition": "\u5c31 \u50cf \u6ca1\u6709 \u90a3 \u56de \u4e8b \u4e00\u6837 \uff0c \u5f62\u5bb9 \u6001\u5ea6 \u9547\u5b9a \uff0c \u4e0d \u628a \u4e8b\u60c5 \u653e\u5728 \u5fc3\u4e0a \u3002"}, {"word": "\u63aa\u624b\u4e0d\u53ca", "definition": "\u5f62\u5bb9 \u4e8b \u51fa \u4ed3\u4fc3 \uff0c \u6765\u4e0d\u53ca \u51c6\u5907 \u3002"}, {"word": "\u8d76\u9e2d\u5b50\u4e0a\u67b6", "definition": "\u6bd4\u55bb \u88ab\u8feb \u53bb \u505a \u4e0d \u5f97\u5df2 \u7684 \u3001 \u81ea\u5df1 \u529b \u6240 \u4e0d \u80fd \u53ca \u7684 \u4e8b\u60c5 \u3002"}, {"word": "\u5929\u8863\u65e0\u7f1d", "definition": "\u6bd4\u55bb \u4e8b\u7269 ( \u591a \u6307 \u8bd7\u6587 ) \u7b49 \u6ca1\u6709 \u4e00\u70b9 \u7834\u7efd \u3002"}, {"word": "\u5403\u5c0f\u7076", "definition": "\u6bd4\u55bb \u53d7 \u7279\u6b8a \u7684 \u7167\u987e \u3002"}, {"word": "\u72d7\u817f\u5b50", "definition": "\u662f \u6307 \u574f\u4eba \u7684 \u5e2e\u51f6 \u3002"}, {"word": "\u8f97\u8f6c\u53cd\u4fa7", "definition": "\u6709 \u5fc3\u4e8b \uff0c \u7761 \u5728 \u5e8a \u4e0a \u7ffb\u6765\u8986\u53bb \u7761 \u4e0d \u7740 \u89c9 \u3002"}, {"word": "\u5f20\u53e3\u7ed3\u820c", "definition": "\u5f20\u5f00 \u5634\u5df4 \uff0c \u65e0\u8a00\u4ee5\u5bf9 \u3002"}, {"word": "\u4e07\u91d1\u6cb9", "definition": "\u6bd4\u55bb \u4ec0 \u4e48 \u90fd \u4e0d \u7cbe\u901a \uff0c \u4f46 \u4ec0 \u4e48 \u90fd \u61c2 \u4e00\u70b9 \uff0c \u4ec0 \u4e48 \u90fd \u80fd \u5e94\u4ed8 \u4e00\u6c14 \u7684 \u4eba \u3002"}, {"word": "\u725b\u89d2\u5c16", "definition": "\u6bd4\u55bb \u65e0\u6cd5 \u89e3\u51b3 \u7684 \u95ee\u9898 \u6216 \u4e0d \u503c\u5f97 \u7814\u7a76 \u7684 \u5c0f \u95ee\u9898 \u3002"}, {"word": "\u5f00\u7eff\u706f", "definition": "\u6bd4\u55bb \u4e3a \u505a \u67d0 \u4e8b \u63d0\u4f9b \u65b9\u4fbf \u3002 \u6bd4\u55bb \u51c6\u8bb8 \u505a \u67d0\u4e8b \u3002"}, {"word": "\u7ea2\u773c\u75c5", "definition": "\u7fa1\u6155 \u522b\u4eba \u6709\u540d \u6216 \u6709\u5229 \u800c \u5fc3\u6000\u5fcc\u5992 \u7684 \u6bdb\u75c5 \u3002"}, {"word": "\u4e00\u5200\u5207", "definition": "\u6bd4\u55bb \u4e0d \u987e \u5b9e\u9645 \u60c5\u51b5 \uff0c \u7528 \u540c\u4e00 \u65b9\u5f0f \u5904\u7406 \u95ee\u9898 \u3002"}, {"word": "\u5168\u795e\u8d2f\u6ce8", "definition": "\u5f62\u5bb9 \u5168\u90e8 \u7cbe\u795e \u9ad8\u5ea6 \u96c6\u4e2d \u3002"}, {"word": "\u81ea\u4f5c\u81ea\u53d7", "definition": "\u81ea\u5df1 \u505a \u9519 \u4e86 \u4e8b \u81ea\u5df1 \u627f\u62c5 \u540e\u679c \u3002"}, {"word": "\u9ed1\u540d\u5355", "definition": "\u53cd\u52a8 \u7edf\u6cbb\u8005 \u6216 \u53cd\u9769\u547d \u96c6\u56e2 \u4e3a \u8fdb\u884c \u653f\u6cbb \u8feb\u5bb3 \u800c \u5f00\u5217 \u7684 \u9769\u547d\u8005 \u548c \u8fdb\u6b65 \u4eba\u58eb \u7684 \u540d\u5355 \u3002"}, {"word": "\u5c0f\u5fc3\u7ffc\u7ffc", "definition": "\u5f62\u5bb9 \u4e3e\u52a8 \u5341\u5206 \u5c0f\u5fc3\u8c28\u614e \uff0c \u4e0d \u6562 \u6709 \u4e1d\u6beb \u7684 \u758f\u5ffd \u3002"}, {"word": "\u6c57\u6d41\u6d43\u80cc", "definition": "\u5f62\u5bb9 \u6c57 \u51fa \u5f97 \u5f88\u591a \u3002"}, {"word": "\u76ee\u4e0d\u6687\u63a5", "definition": "\u6307 \u4e1c\u897f \u591a \uff0c \u773c\u775b \u90fd \u770b \u4e0d \u8fc7 \u6765 \u3002"}, {"word": "\u4e3b\u5fc3\u9aa8", "definition": "\u53ef \u4f9d\u9760 \u7684 \u4eba \u6216 \u4e8b\u7269 \uff0c \u4e5f \u6307 \u4e3b\u89c1 \u3001 \u4e3b\u610f \u3002"}, {"word": "\u6e56\u5149\u5c71\u8272", "definition": "\u6e56 \u548c \u5c71\u76f8 \u6620\u886c \u7684 \u79c0\u4e3d \u666f\u8272 \u3002"}, {"word": "\u72d0\u5047\u864e\u5a01", "definition": "\u6bd4\u55bb \u5047\u501f \u522b\u4eba \u7684 \u5a01\u52bf \u5413 \u552c\u4eba \u3002"}, {"word": "\u4e09\u4e0d\u7ba1", "definition": "\u6307 \u51e0 \u65b9\u9762 \u90fd \u4e0d \u7ba1 \uff0c \u6ca1 \u4eba \u7ba1 \u3002"}, {"word": "\u8305\u585e\u987f\u5f00", "definition": "\u5f62\u5bb9 \u4e00\u4e0b\u5b50 \u660e\u767d \u8fc7 \u6765 \u3002"}, {"word": "\u4e00\u76d8\u68cb", "definition": "\u6bd4\u55bb \u6574\u4f53 \u6216 \u5168\u5c40 \u3002"}, {"word": "\u82e5\u9690\u82e5\u73b0", "definition": "\u5f62\u5bb9 \u9690\u9690\u7ea6\u7ea6 \u3002"}, {"word": "\u767e\u53d1\u767e\u4e2d", "definition": "\u5f62\u5bb9 \u5c04\u7bad \u7684 \u6280\u672f \u9ad8\u660e \uff0c \u6bcf \u6b21 \u90fd \u80fd \u5c04 \u4e2d \u76ee\u6807 \u3002"}, {"word": "\u7b11\u9762\u864e", "definition": "\u6bd4\u55bb \u5916\u8c8c \u88c5 \u5f97 \u5584\u826f \u800c \u5fc3 \u5730 \u51f6\u72e0 \u7684 \u4eba \u3002"}, {"word": "\u8dd1\u9f99\u5957", "definition": "\u6bd4\u55bb \u5728 \u4eba\u624b \u4e0b \u505a \u65e0\u5173\u7d27\u8981 \u7684 \u4e8b \uff0c \u6216 \u4e13 \u505a \u8dd1\u817f \u3001 \u6216 \u8d77 \u6b21\u8981 \u4f5c\u7528 \uff0c \u5145\u5f53 \u914d\u89d2 \u3002 \u73b0\u5728 \u5e38 \u7528 \u6765 \u6bd4\u55bb \u5728 \u4eba\u624b \u4e0b \u6253\u6742 \u3002"}, {"word": "\u6709\u6043\u65e0\u6050", "definition": "\u56e0 \u6709\u6240 \u501a\u4ed7 \u800c \u65e0\u6240\u754f\u5fcc \u3002"}, {"word": "\u6025\u5148\u950b", "definition": "\u6bd4\u55bb \u5728 \u884c\u52a8 \u4e0a \u79ef\u6781 \u5e26\u5934 \u7684 \u4eba \u3002"}, {"word": "\u5faa\u5e8f\u6e10\u8fdb", "definition": "\u63a5\u7740 \u4e00\u5b9a \u7684 \u987a\u5e8f \uff0c \u4e00 \u6b65 \u4e00 \u6b65 \u5730 \u524d\u8fdb \u3002"}, {"word": "\u9f50\u5fc3\u534f\u529b", "definition": "\u601d\u60f3 \u4e00\u81f4 \uff0c \u5171\u540c \u52aa\u529b \u3002"}, {"word": "\u6293\u7834\u8138", "definition": "\u6bd4\u55bb \u611f\u60c5 \u7834\u88c2 \uff0c \u516c\u5f00 \u4e89\u5435 \u3002"}, {"word": "\u5174\u9ad8\u91c7\u70c8", "definition": "\u5f62\u5bb9\u4eba \u7684 \u5174\u81f4 \u9ad8 \uff0c \u60c5\u7eea \u9971\u6ee1 \uff0c \u52b2\u5934 \u5341\u8db3 \u3002"}]